Model,Accuracy,Precision,Recall,F1 Score,ROC AUC
Logistic Regression,0.6451770055212731,0.664158267502043,0.7390030436594638,0.6995845413515857,0.7021016375461466
Decision Tree,0.7214651849132271,0.7392597767045249,0.7751859663303066,0.7567967449602367,0.804252334411999
Random Forest,0.7247482949009418,0.7376830104780151,0.7877773708339122,0.7619076701335662,0.8085623343756337
XGBoost,0.7354589999576373,0.7447917277966221,0.8014170066051199,0.7720675013079291,0.8234310347906675
