Model,Accuracy,Precision,Recall,F1 Score,ROC AUC
Logistic Regression,0.6382281729584931,0.7044713498531066,0.6167571116337436,0.6577026269554833,0.6946413076490587
Decision Tree,0.906191606839288,0.8854993812023891,0.9573218871280053,0.9200110213958838,0.9781343782803607
Random Forest,0.9068097840594574,0.8800326935884241,0.9663677689041061,0.9211817782125981,0.9585474169817638
XGBoost,0.9079688663472751,0.8899419422055765,0.9547622807090442,0.9212132632258401,0.9790670341113459
